time,data
2025-12-02T01:12:43.784Z,50.438152
2025-12-02T01:12:44.588Z,50.060852
2025-12-02T01:12:45.353Z,50.163754
2025-12-02T01:12:46.192Z,50.060852
2025-12-02T01:12:46.989Z,5.773833
2025-12-02T01:12:47.898Z,24.513067
2025-12-02T01:12:48.701Z,10.632999
2025-12-02T01:12:49.447Z,35.70058
2025-12-02T01:12:50.410Z,50.169464
2025-12-02T01:12:51.109Z,50.289516
2025-12-02T01:12:51.913Z,50.421
2025-12-02T01:12:52.815Z,50.752563
2025-12-02T01:12:53.618Z,50.186615
2025-12-02T01:12:54.424Z,46.350735
2025-12-02T01:12:55.225Z,50.180897
2025-12-02T01:12:56.127Z,50.055134
2025-12-02T01:12:56.930Z,50.060852
2025-12-02T01:12:57.734Z,50.066563
2025-12-02T01:12:58.536Z,50.306667
2025-12-02T01:12:59.296Z,52.564747
2025-12-02T01:13:00.141Z,50.30095
2025-12-02T01:13:00.927Z,50.306667
2025-12-02T01:13:01.752Z,50.421
2025-12-02T01:13:02.650Z,50.426716
2025-12-02T01:13:03.453Z,49.900784
2025-12-02T01:13:04.256Z,44.241283
2025-12-02T01:13:05.162Z,50.30095
2025-12-02T01:13:05.861Z,50.129444
2025-12-02T01:13:06.764Z,43.355198
2025-12-02T01:13:07.570Z,50.180897
2025-12-02T01:13:08.371Z,50.186615
2025-12-02T01:13:09.129Z,50.438152
2025-12-02T01:13:09.977Z,50.180897
2025-12-02T01:13:10.780Z,50.180897
2025-12-02T01:13:11.593Z,50.152313
2025-12-02T01:13:12.486Z,50.055134
2025-12-02T01:13:13.230Z,50.0094
2025-12-02T01:13:14.090Z,50.426716
2025-12-02T03:20:54.754Z,0.2547426
2025-12-02T03:20:54.819Z,0.13118067
2025-12-02T03:20:55.068Z,0.43853936
2025-12-02T03:20:55.550Z,0.17547745
2025-12-02T03:20:55.654Z,0.30758297
2025-12-02T03:20:56.052Z,0.2678131
2025-12-02T03:20:56.252Z,0.3959122
2025-12-02T03:20:56.452Z,0.5599058
2025-12-02T03:20:56.653Z,0.7329051
2025-12-02T03:20:56.858Z,0.42067033
2025-12-02T03:20:56.973Z,0.6161883
2025-12-02T03:20:57.455Z,0.28267372
2025-12-02T03:20:57.661Z,0.3182001
2025-12-02T03:20:57.861Z,0.52021056
2025-12-02T03:20:58.061Z,0.51505804
2025-12-02T03:20:58.459Z,0.3144443
2025-12-02T03:20:58.564Z,0.30621582
2025-12-02T03:20:58.662Z,0.4036483
2025-12-02T03:20:58.895Z,0.721845
2025-12-02T03:20:59.167Z,0.3945194
2025-12-02T03:20:59.378Z,0.4841603
2025-12-02T03:20:59.866Z,0.46270296
2025-12-02T03:20:59.970Z,0.7391975
2025-12-02T03:21:00.096Z,0.62440395
2025-12-02T03:21:00.566Z,0.6346581
2025-12-02T03:21:00.768Z,1.6817675
2025-12-02T03:21:00.873Z,1.642267
2025-12-02T03:21:01.083Z,1.7557182
2025-12-02T03:21:01.570Z,1.8023243
2025-12-02T03:21:01.771Z,1.8753556
2025-12-02T03:21:01.973Z,1.831682
2025-12-02T03:21:02.083Z,1.4394064
2025-12-02T03:21:02.265Z,1.958037
2025-12-02T03:21:02.679Z,1.8555572
2025-12-02T03:21:02.743Z,2.171681
2025-12-02T03:21:02.988Z,2.555567
2025-12-02T03:21:03.477Z,2.3649352
2025-12-02T03:21:03.678Z,2.118825
2025-12-02T03:21:03.878Z,1.7606893
2025-12-02T03:21:04.079Z,2.4215772
2025-12-02T03:21:04.448Z,2.6844811
2025-12-02T03:21:04.487Z,3.2386656
2025-12-02T03:21:04.685Z,3.326589
2025-12-02T03:21:05.182Z,3.1544867
2025-12-02T03:21:05.384Z,3.281077
2025-12-02T03:21:05.585Z,3.782314
2025-12-02T03:21:05.787Z,3.9564664
2025-12-02T03:21:05.893Z,4.225545
2025-12-02T03:21:06.387Z,3.8626704
2025-12-02T03:21:06.588Z,4.0515833
2025-12-02T03:21:06.703Z,4.3295608
2025-12-02T03:21:07.090Z,4.4724755
2025-12-02T03:21:07.207Z,4.05461
2025-12-02T03:21:07.339Z,4.071415
2025-12-02T03:21:07.565Z,3.6749465
2025-12-02T03:21:07.815Z,3.8412654
2025-12-02T03:21:08.198Z,3.8428087
2025-12-02T03:21:08.297Z,3.7208707
2025-12-02T03:21:08.798Z,4.050551
2025-12-02T03:21:08.996Z,4.0785427
2025-12-02T03:21:09.197Z,4.1333237
2025-12-02T03:21:09.398Z,3.9851725
2025-12-02T03:21:09.598Z,4.0053186
2025-12-02T03:21:10.003Z,4.344969
2025-12-02T03:21:10.200Z,4.008448
2025-12-02T03:21:10.401Z,3.3170433
2025-12-02T03:21:10.603Z,3.7748373
2025-12-02T03:21:10.711Z,3.929117
2025-12-02T03:21:10.942Z,3.552875
2025-12-02T03:21:11.174Z,3.4585571
2025-12-02T03:21:11.415Z,3.3239863
2025-12-02T03:21:11.655Z,3.4501219
2025-12-02T03:21:11.910Z,3.6600285
2025-12-02T03:21:12.136Z,3.8827732
2025-12-02T03:21:12.374Z,3.736229
2025-12-02T03:21:12.619Z,3.958048
2025-12-02T03:21:13.110Z,4.4943156
2025-12-02T03:21:13.311Z,3.4817147
2025-12-02T03:21:13.511Z,3.635804
2025-12-02T03:21:13.712Z,3.390593
2025-12-02T03:21:13.818Z,3.3199654
2025-12-02T03:21:14.057Z,2.6652389
2025-12-02T03:21:14.295Z,3.104298
2025-12-02T03:21:14.817Z,3.18116
2025-12-02T03:21:15.018Z,3.2041135
2025-12-02T03:21:15.220Z,3.5347779
2025-12-02T03:21:15.409Z,3.6031387
2025-12-02T03:21:15.496Z,3.70693
2025-12-02T03:21:16.022Z,3.6957386
2025-12-02T03:21:16.223Z,3.3507972
2025-12-02T03:21:16.374Z,3.217586
2025-12-02T03:21:16.458Z,2.849776
2025-12-02T03:21:16.695Z,2.943682
2025-12-02T03:21:16.935Z,2.8662007
2025-12-02T03:21:17.426Z,2.7202134
2025-12-02T03:21:17.627Z,3.5103264
2025-12-02T03:21:17.828Z,3.9256103
2025-12-02T03:21:18.030Z,3.73365
2025-12-02T03:21:18.143Z,4.3145924
2025-12-02T03:21:18.631Z,4.3195834
2025-12-02T03:21:18.832Z,3.920173
2025-12-02T03:21:19.032Z,3.6622777
2025-12-02T03:21:19.187Z,3.7883842
2025-12-02T03:21:19.339Z,3.9164088
2025-12-02T03:21:19.575Z,6.4938006
2025-12-02T03:21:19.841Z,5.520273
2025-12-02T03:21:20.337Z,7.255618
2025-12-02T03:21:20.538Z,10.9993
2025-12-02T03:21:20.738Z,7.601737
2025-12-02T03:21:20.940Z,4.542313
2025-12-02T03:21:21.141Z,1.909678
2025-12-02T03:21:21.342Z,0.5057149
2025-12-02T03:21:21.542Z,-0.6504724
2025-12-02T03:21:21.941Z,-2.6445794
2025-12-02T03:21:22.143Z,-5.021816
2025-12-02T03:21:22.343Z,-7.8977413
2025-12-02T03:21:22.538Z,-4.876311
2025-12-02T03:21:22.651Z,-2.628081
2025-12-02T03:21:22.857Z,0.5651214
2025-12-02T03:21:23.347Z,-2.6661942
2025-12-02T03:21:23.547Z,-6.0105495
2025-12-02T03:21:23.751Z,-5.258412
2025-12-02T03:21:23.855Z,-2.555668
2025-12-02T03:21:24.059Z,-0.68304694
2025-12-02T03:21:24.551Z,1.3812224
2025-12-02T03:21:24.751Z,1.4066205
2025-12-02T03:21:24.859Z,2.5559146
2025-12-02T03:21:25.058Z,2.1012626
2025-12-02T03:21:25.275Z,2.3276472
2025-12-02T03:21:25.756Z,1.3881087
2025-12-02T03:21:25.957Z,1.1771213
2025-12-02T03:21:26.158Z,1.2716078
2025-12-02T03:21:26.359Z,1.4814621
2025-12-02T03:21:26.661Z,1.4928899
2025-12-02T03:21:26.705Z,1.929742
2025-12-02T03:21:26.964Z,2.1688895
2025-12-02T03:21:27.461Z,2.2573586
2025-12-02T03:21:27.569Z,2.596125
2025-12-02T03:21:27.666Z,2.6447566
2025-12-02T03:21:28.165Z,2.4287212
2025-12-02T03:21:28.364Z,2.7016025
2025-12-02T03:21:28.565Z,2.6442702
2025-12-02T03:21:28.768Z,2.6648383
2025-12-02T03:21:28.871Z,3.164211
2025-12-02T03:21:29.368Z,3.311868
2025-12-02T03:21:29.514Z,3.2214713
2025-12-02T03:21:29.583Z,3.228428
2025-12-02T03:21:30.070Z,3.0293272
2025-12-02T03:21:30.272Z,3.3671944
2025-12-02T03:21:30.472Z,3.275522
2025-12-02T03:21:30.672Z,3.4628043
2025-12-02T03:21:31.073Z,3.4995136
2025-12-02T03:21:31.274Z,3.489886
2025-12-02T03:21:31.475Z,3.6417801
2025-12-02T03:21:31.677Z,4.027043
2025-12-02T03:21:31.781Z,4.043021
2025-12-02T03:21:31.986Z,4.4705
2025-12-02T03:21:32.382Z,4.5318418
2025-12-02T03:21:32.475Z,4.1562138
2025-12-02T03:21:32.886Z,4.1467257
2025-12-02T03:21:32.966Z,4.195339
2025-12-02T03:21:33.484Z,4.3609667
2025-12-02T03:21:33.683Z,4.693954
2025-12-02T03:21:33.884Z,4.67705
2025-12-02T03:21:34.085Z,4.38893
2025-12-02T03:21:34.286Z,4.6452413
2025-12-02T03:21:34.686Z,4.6411376
2025-12-02T03:21:34.889Z,4.5969152
2025-12-02T03:21:35.088Z,5.089231
2025-12-02T03:21:35.289Z,5.1076565
2025-12-02T03:21:35.491Z,5.060729
2025-12-02T03:21:35.890Z,5.032964
2025-12-02T03:21:36.092Z,4.997197
2025-12-02T03:21:36.196Z,4.960787
2025-12-02T03:21:36.594Z,4.883083
2025-12-02T03:21:36.794Z,4.973887
2025-12-02T03:21:36.996Z,5.0510573
2025-12-02T03:21:37.197Z,5.2007394
2025-12-02T03:21:37.398Z,5.60524
2025-12-02T03:21:37.797Z,5.688706
2025-12-02T03:21:37.998Z,6.1274104
2025-12-02T03:21:38.200Z,6.0731125
2025-12-02T03:21:38.400Z,6.183749
2025-12-02T03:21:38.601Z,5.95598
2025-12-02T03:21:39.001Z,6.253207
2025-12-02T03:21:39.109Z,6.0796337
2025-12-02T03:21:39.206Z,6.141439
2025-12-02T03:21:39.444Z,6.52423
2025-12-02T03:21:39.708Z,6.795532
2025-12-02T03:21:40.206Z,6.7058663
2025-12-02T03:21:40.407Z,6.8081307
2025-12-02T03:21:40.608Z,7.071738
2025-12-02T03:21:40.811Z,7.1163774
2025-12-02T03:21:41.010Z,7.5472784
2025-12-02T03:21:41.314Z,7.6115246
2025-12-02T03:21:41.369Z,7.6317606
2025-12-02T03:21:41.609Z,7.7591944
2025-12-02T03:21:41.844Z,7.923608
2025-12-02T03:21:42.116Z,8.194766
2025-12-02T03:21:42.327Z,8.288933
2025-12-02T03:21:42.814Z,8.688607
2025-12-02T03:21:43.015Z,8.424911
2025-12-02T03:21:43.216Z,8.252277
2025-12-02T03:21:43.321Z,8.620272
2025-12-02T03:21:43.539Z,8.640051
2025-12-02T03:21:44.018Z,8.603257
2025-12-02T03:21:44.220Z,8.442523
2025-12-02T03:21:44.421Z,8.512877
2025-12-02T03:21:44.622Z,8.361238
2025-12-02T03:21:45.022Z,8.575837
2025-12-02T03:21:45.225Z,8.516782
2025-12-02T03:21:45.419Z,8.524703
2025-12-02T03:21:45.594Z,8.413811
2025-12-02T03:21:45.693Z,8.354287
2025-12-02T03:21:45.939Z,8.515581
2025-12-02T03:21:46.174Z,8.5985155
2025-12-02T03:21:46.416Z,8.916216
2025-12-02T03:21:46.655Z,8.4346
2025-12-02T03:21:46.898Z,8.372961
2025-12-02T03:21:47.431Z,8.657017
2025-12-02T03:21:47.536Z,8.546551
2025-12-02T03:21:47.625Z,8.568873
2025-12-02T03:21:48.136Z,8.465298
2025-12-02T03:21:48.334Z,7.9872694
2025-12-02T03:21:48.538Z,7.6248245
2025-12-02T03:21:48.737Z,7.66941
2025-12-02T03:21:48.936Z,7.443758
2025-12-02T03:21:49.139Z,7.98358
2025-12-02T03:21:49.339Z,8.440162
2025-12-02T03:21:49.739Z,7.9215565
2025-12-02T03:21:49.847Z,7.903653
2025-12-02T03:21:49.940Z,7.570306
2025-12-02T03:21:50.174Z,7.711703
2025-12-02T03:21:50.414Z,7.7558284
2025-12-02T03:21:50.656Z,7.322239
2025-12-02T03:21:50.901Z,7.770517
2025-12-02T03:21:51.155Z,7.718364
2025-12-02T03:21:51.647Z,8.236549
2025-12-02T03:21:51.847Z,6.964734
2025-12-02T03:21:51.955Z,6.655259
2025-12-02T03:21:52.349Z,6.544421
2025-12-02T03:21:52.453Z,6.520778
2025-12-02T03:21:52.581Z,6.249831
2025-12-02T03:21:52.955Z,5.9272175
2025-12-02T03:21:53.058Z,5.8749547
2025-12-02T03:21:53.555Z,6.105234
2025-12-02T03:21:53.756Z,6.569002
2025-12-02T03:21:53.860Z,6.40671
2025-12-02T03:21:54.018Z,6.459332
2025-12-02T03:21:54.262Z,6.3435707
2025-12-02T03:21:54.495Z,5.6319356
2025-12-02T03:21:54.734Z,5.360525
2025-12-02T03:21:55.258Z,5.304223
2025-12-02T03:21:55.460Z,5.0365133
2025-12-02T03:21:55.566Z,5.4046545
2025-12-02T03:21:55.961Z,5.507668
2025-12-02T03:21:56.163Z,5.44049
2025-12-02T03:21:56.364Z,5.6280737
2025-12-02T03:21:56.565Z,5.933773
2025-12-02T03:21:56.963Z,6.227279
2025-12-02T03:21:57.167Z,6.670191
2025-12-02T03:21:57.367Z,7.112743
2025-12-02T03:21:57.571Z,7.3893876
2025-12-02T03:21:57.768Z,7.3463125
2025-12-02T03:21:58.170Z,7.460653
2025-12-02T03:21:58.274Z,7.603046
2025-12-02T03:21:58.353Z,8.011281
2025-12-02T03:21:58.596Z,8.23243
2025-12-02T03:21:58.835Z,7.8994985
2025-12-02T03:21:59.082Z,8.4589405
2025-12-02T03:21:59.504Z,8.37483
2025-12-02T03:21:59.554Z,8.351165
2025-12-02T03:22:00.075Z,8.603954
2025-12-02T03:22:00.276Z,8.964441
2025-12-02T03:22:00.477Z,12.313623
2025-12-02T03:22:00.677Z,9.238659
2025-12-02T03:22:00.795Z,5.9304166
2025-12-02T03:22:01.023Z,2.6792755
2025-12-02T03:22:01.285Z,-0.47025442
2025-12-02T03:22:01.781Z,-3.3961399
2025-12-02T03:22:01.783Z,-5.975032
2025-12-02T03:22:01.982Z,-8.37103
2025-12-02T03:22:02.185Z,-10.657267
2025-12-02T03:22:02.385Z,-12.171554
2025-12-02T03:22:02.572Z,-13.083461
2025-12-02T03:22:02.592Z,-14.794086
2025-12-02T03:22:02.985Z,-16.948086
2025-12-02T03:22:03.092Z,-18.971642
2025-12-02T03:22:03.216Z,-21.14772
2025-12-02T03:22:03.591Z,-23.63297
2025-12-02T03:22:03.697Z,-19.835264
2025-12-02T03:22:04.189Z,-16.2851
2025-12-02T03:22:04.390Z,-14.391094
2025-12-02T03:22:04.592Z,-13.867728
2025-12-02T03:22:04.793Z,-13.39498
2025-12-02T03:22:04.993Z,-13.200445
2025-12-02T03:22:05.395Z,-13.13925
2025-12-02T03:22:05.594Z,-16.15538
2025-12-02T03:22:05.797Z,-18.39086
2025-12-02T03:22:05.996Z,-17.357882
2025-12-02T03:22:06.197Z,-16.445429
2025-12-02T03:22:06.398Z,-18.003044
2025-12-02T03:22:06.536Z,-19.373608
2025-12-02T03:22:07.000Z,-15.301163
2025-12-02T03:22:07.200Z,-11.163504
2025-12-02T03:22:07.402Z,-8.030241
2025-12-02T03:22:07.602Z,-5.1375666
2025-12-02T03:22:07.803Z,-1.9973271
2025-12-02T03:22:08.006Z,-4.769845
2025-12-02T03:22:08.206Z,-1.663481
2025-12-02T03:22:08.315Z,0.6184825
2025-12-02T03:22:08.811Z,3.2321842
2025-12-02T03:22:08.914Z,5.607037
2025-12-02T03:22:10.312Z,8.144466
2025-12-02T03:22:10.314Z,11.62721
2025-12-02T03:22:10.316Z,10.026815
2025-12-02T03:22:10.319Z,7.777236
2025-12-02T03:22:10.320Z,10.520232
2025-12-02T03:22:10.511Z,12.906765
2025-12-02T03:22:10.513Z,15.213422
2025-12-02T03:22:10.713Z,18.796797
2025-12-02T03:22:10.917Z,17.236176
2025-12-02T03:22:11.315Z,16.887484
2025-12-02T03:22:11.518Z,17.1276
2025-12-02T03:22:11.627Z,13.514105
2025-12-02T03:22:12.020Z,9.953192
2025-12-02T03:22:12.219Z,10.424572
2025-12-02T03:22:12.421Z,10.41656
2025-12-02T03:22:12.619Z,8.356618
2025-12-02T03:22:13.021Z,6.612847
2025-12-02T03:22:13.222Z,3.3597991
2025-12-02T03:22:13.335Z,2.0173993
2025-12-02T03:22:13.723Z,4.065065
2025-12-02T03:22:13.927Z,2.149174
2025-12-02T03:22:14.125Z,-1.1045294
2025-12-02T03:22:14.325Z,-3.9679494
2025-12-02T03:22:14.727Z,-3.5126548
2025-12-02T03:22:14.928Z,-5.4203463
2025-12-02T03:22:15.129Z,-1.6032996
2025-12-02T03:22:15.328Z,-3.5492554
2025-12-02T03:22:15.453Z,-6.281394
2025-12-02T03:22:15.931Z,-6.6389756
2025-12-02T03:22:16.132Z,-7.156067
2025-12-02T03:22:16.333Z,-8.103346
2025-12-02T03:22:16.438Z,-4.1994762
2025-12-02T03:22:16.836Z,-3.3135269
2025-12-02T03:22:17.036Z,-2.2157962
2025-12-02T03:22:17.144Z,-2.1584852
2025-12-02T03:22:17.343Z,-2.373261
2025-12-02T03:22:17.838Z,-1.9325097
2025-12-02T03:22:18.039Z,-2.1133125
2025-12-02T03:22:18.240Z,-1.9812454
2025-12-02T03:22:18.441Z,-1.2451017
2025-12-02T03:22:18.641Z,-1.0119748
2025-12-02T03:22:19.042Z,-0.8064192
2025-12-02T03:22:19.244Z,-0.91051596
2025-12-02T03:22:19.446Z,-0.85781467
2025-12-02T03:22:19.645Z,-0.49185172
2025-12-02T03:22:19.845Z,0.37428635
2025-12-02T03:22:20.246Z,0.27152646
2025-12-02T03:22:20.448Z,0.40273058
2025-12-02T03:22:20.648Z,0.72895366
2025-12-02T03:22:20.850Z,0.9100937
2025-12-02T03:23:18.280Z,0.08810718
2025-12-02T03:23:18.854Z,0.34023714
2025-12-02T03:23:19.034Z,0.76604563
2025-12-02T03:23:19.554Z,1.0477171
2025-12-02T03:23:19.755Z,1.6242268
2025-12-02T03:23:20.162Z,1.6150498
2025-12-02T03:23:20.338Z,1.9247748
2025-12-02T03:23:20.959Z,2.1279447
2025-12-02T03:23:21.085Z,2.1574621
2025-12-02T03:23:21.567Z,2.4080136
2025-12-02T03:23:21.870Z,2.4634101
2025-12-02T03:23:22.076Z,2.7668076
2025-12-02T03:23:22.667Z,2.9581497
2025-12-02T03:23:23.066Z,3.33779
2025-12-02T03:23:23.268Z,3.3403814
2025-12-02T03:23:23.473Z,3.1670282
2025-12-02T03:23:23.806Z,3.544969
2025-12-02T03:23:24.174Z,3.9714477
2025-12-02T03:23:24.507Z,4.3408732
2025-12-02T03:23:24.883Z,4.364723
2025-12-02T03:23:25.205Z,4.314268
2025-12-02T03:23:25.582Z,4.802109
2025-12-02T03:23:26.177Z,5.0380793
2025-12-02T03:23:26.379Z,5.2504416
2025-12-02T03:23:26.597Z,5.034313
2025-12-02T03:23:26.947Z,5.0359898
2025-12-02T03:23:27.297Z,5.1008205
2025-12-02T03:23:27.647Z,5.2575603
2025-12-02T03:23:28.004Z,5.6886663
2025-12-02T03:23:28.685Z,5.3081055
2025-12-02T03:23:28.796Z,5.4207134
2025-12-02T03:23:29.039Z,5.5937233
2025-12-02T03:23:29.395Z,5.609875
2025-12-02T03:23:29.993Z,5.4990296
2025-12-02T03:23:30.191Z,5.265717
2025-12-02T03:23:30.594Z,5.266204
2025-12-02T03:23:30.900Z,5.277286
2025-12-02T03:23:31.395Z,5.682968
2025-12-02T03:23:31.596Z,5.6649466
2025-12-02T03:23:31.802Z,5.978747
2025-12-02T03:23:32.402Z,5.7460628
2025-12-02T03:23:32.601Z,6.2455215
2025-12-02T03:23:32.905Z,6.168728
2025-12-02T03:23:33.206Z,6.187192
2025-12-02T03:23:33.804Z,6.3316717
2025-12-02T03:23:34.006Z,6.2418184
2025-12-02T03:23:34.218Z,6.3419485
2025-12-02T03:23:34.568Z,6.5076137
2025-12-02T03:23:34.917Z,6.7314596
2025-12-02T03:23:35.512Z,6.921962
2025-12-02T03:23:35.825Z,7.2850018
2025-12-02T03:23:35.956Z,7.714176
2025-12-02T03:23:36.307Z,7.121752
2025-12-02T03:23:36.655Z,7.1346545
2025-12-02T03:23:37.005Z,7.1789227
2025-12-02T03:23:37.522Z,7.418005
2025-12-02T03:23:37.709Z,7.364877
2025-12-02T03:23:38.223Z,7.489015
2025-12-02T03:23:38.426Z,7.205682
2025-12-02T03:23:38.925Z,7.8036747
2025-12-02T03:23:39.126Z,7.9063106
2025-12-02T03:23:39.724Z,7.9372144
2025-12-02T03:23:39.926Z,7.502416
2025-12-02T03:23:40.427Z,7.6442733
2025-12-02T03:23:40.627Z,7.631999
2025-12-02T03:23:40.838Z,7.808036
2025-12-02T03:23:41.430Z,7.976677
2025-12-02T03:23:41.831Z,7.9139266
2025-12-02T03:23:42.034Z,8.249567
2025-12-02T03:23:42.241Z,8.343676
2025-12-02T03:23:42.741Z,8.395835
2025-12-02T03:23:42.858Z,8.107102
2025-12-02T03:23:43.440Z,8.4631
2025-12-02T03:23:43.873Z,8.616032
2025-12-02T03:23:43.892Z,8.463883
2025-12-02T03:23:44.252Z,8.63263
2025-12-02T03:23:44.844Z,9.085258
2025-12-02T03:23:45.044Z,9.136282
2025-12-02T03:23:45.445Z,6.729488
2025-12-02T03:23:45.628Z,4.7048435
2025-12-02T03:23:45.975Z,1.5552902
2025-12-02T03:23:46.352Z,-1.36954
2025-12-02T03:23:46.949Z,-4.5386257
2025-12-02T03:23:47.150Z,-4.3348417
2025-12-02T03:23:47.552Z,-4.8772087
2025-12-02T03:23:47.953Z,-7.2722263
2025-12-02T03:23:48.157Z,-9.841769
2025-12-02T03:23:48.366Z,-7.390126
2025-12-02T03:23:48.718Z,-4.977947
2025-12-02T03:23:49.062Z,-2.8543816
2025-12-02T03:23:49.659Z,-5.4921875
2025-12-02T03:23:49.860Z,-5.5155783
2025-12-02T03:23:50.362Z,-4.831146
2025-12-02T03:23:50.562Z,-8.155185
2025-12-02T03:23:50.777Z,-9.10624
2025-12-02T03:23:51.329Z,-10.3023205
2025-12-02T03:23:51.477Z,-10.90584
2025-12-02T03:23:52.068Z,-7.689333
2025-12-02T03:23:52.470Z,-8.027234
2025-12-02T03:23:52.670Z,-7.7157817
2025-12-02T03:23:52.876Z,-7.672519
2025-12-02T03:23:53.474Z,-7.140042
2025-12-02T03:23:53.675Z,-6.6640854
2025-12-02T03:23:53.905Z,-6.271369
2025-12-02T03:23:54.283Z,-6.1760054
2025-12-02T03:23:54.588Z,-6.161437
2025-12-02T03:40:03.384Z,0.43326947
2025-12-02T03:40:03.580Z,1.1024945
2025-12-02T03:40:04.180Z,1.4889538
2025-12-02T03:40:04.380Z,1.667691
2025-12-02T03:40:04.781Z,1.4450924
2025-12-02T03:40:04.986Z,1.5974016
2025-12-02T03:40:05.583Z,2.102759
2025-12-02T03:40:05.785Z,2.1659155
2025-12-02T03:40:05.993Z,1.0446901
2025-12-02T03:40:06.587Z,4.637961
2025-12-02T03:40:06.986Z,1.3439465
2025-12-02T03:40:07.139Z,-1.8956386
2025-12-02T03:40:07.403Z,-1.5554645
2025-12-02T03:40:07.734Z,-1.3473557
2025-12-02T03:40:08.097Z,-1.1893939
2025-12-02T03:40:08.695Z,-4.151834
2025-12-02T03:40:08.895Z,-7.0698028
2025-12-02T03:40:09.296Z,-9.637869
2025-12-02T03:40:09.501Z,-9.220846
2025-12-02T03:40:09.999Z,-9.011832
2025-12-02T03:40:10.199Z,-9.999106
2025-12-02T03:40:10.602Z,-11.050577
2025-12-02T03:40:10.814Z,-8.231736
2025-12-02T03:40:11.309Z,-5.6730614
2025-12-02T03:40:11.519Z,-3.311556
2025-12-02T03:40:12.171Z,-4.325869
2025-12-02T03:40:12.175Z,-5.9831953
2025-12-02T03:40:12.470Z,-4.868576
2025-12-02T03:40:12.931Z,-4.3465877
2025-12-02T03:40:13.150Z,-4.2735777
2025-12-02T03:40:13.413Z,-6.2535915
2025-12-02T03:40:13.781Z,-6.610328
2025-12-02T03:40:14.125Z,-8.44525
2025-12-02T03:40:14.491Z,-9.675675
2025-12-02T03:40:15.117Z,-7.641186
2025-12-02T03:40:15.318Z,-4.268115
2025-12-02T03:40:15.524Z,-0.8871603
2025-12-02T03:40:16.078Z,-0.4023562
2025-12-02T03:40:16.225Z,-2.8635619
2025-12-02T03:40:16.824Z,-3.2381015
2025-12-02T03:40:17.024Z,-6.1934233
2025-12-02T03:40:17.438Z,-6.3583064
2025-12-02T03:40:17.586Z,-7.9987803
2025-12-02T03:40:17.833Z,-10.60339
2025-12-02T03:40:18.370Z,-12.236184
2025-12-02T03:40:18.511Z,-13.75058
2025-12-02T03:40:19.232Z,-11.119047
2025-12-02T03:40:19.370Z,-10.575278
2025-12-02T03:40:19.556Z,-13.453499
2025-12-02T03:40:20.136Z,-12.069383
2025-12-02T03:40:20.335Z,-11.155141
2025-12-02T03:40:20.743Z,-10.688825
2025-12-02T03:40:20.943Z,-9.610252
2025-12-02T03:40:21.281Z,-9.624811
2025-12-02T03:40:21.942Z,-9.265696
2025-12-02T03:40:22.145Z,-8.915581
2025-12-02T03:40:22.351Z,-8.494885
2025-12-02T03:40:22.944Z,-8.150923
2025-12-02T03:40:23.146Z,-7.936342
2025-12-02T03:40:23.367Z,-7.6022325
2025-12-02T03:40:23.855Z,-7.554409
2025-12-02T03:40:24.060Z,-7.005247
2025-12-02T03:40:24.416Z,-6.3500595
2025-12-02T03:40:24.763Z,-5.9539723
2025-12-02T03:40:25.155Z,-5.510182
2025-12-02T03:40:25.496Z,-4.9704986
2025-12-02T03:40:25.810Z,-4.6348877
2025-12-02T03:40:26.459Z,-4.3270073
2025-12-02T03:40:26.645Z,-3.4648304
2025-12-02T03:40:26.862Z,-2.9334667
2025-12-02T03:40:27.364Z,-1.9288654
2025-12-02T03:40:27.581Z,-1.615957
2025-12-02T03:40:27.916Z,-1.6061516
2025-12-02T03:40:28.267Z,-1.3640765
2025-12-02T03:40:28.820Z,-1.379211
2025-12-02T03:40:28.950Z,-1.3200355
2025-12-02T03:40:29.568Z,-1.1162748
2025-12-02T03:40:29.768Z,-1.1430334
2025-12-02T03:40:30.009Z,-0.8572981
2025-12-02T03:40:30.573Z,-0.25133803
2025-12-02T03:40:30.972Z,0.27871242
2025-12-02T03:40:31.080Z,0.14444333
2025-12-02T03:40:31.378Z,0.37244
2025-12-02T03:40:31.975Z,0.37734693
2025-12-02T03:40:32.081Z,0.70121473
2025-12-02T03:40:32.679Z,0.7370134
2025-12-02T03:40:32.784Z,1.0140288
2025-12-02T03:40:33.120Z,1.2369246
2025-12-02T03:40:33.582Z,1.2958637
2025-12-02T03:40:34.085Z,1.4241327
2025-12-02T03:40:34.285Z,1.6746289
2025-12-02T03:40:34.691Z,1.6219614
2025-12-02T03:40:34.854Z,2.4557662
2025-12-02T03:40:35.488Z,3.0699482
2025-12-02T03:40:35.689Z,3.1812258
2025-12-02T03:40:35.902Z,3.3376672
2025-12-02T03:40:36.495Z,3.900429
2025-12-02T03:40:36.692Z,3.9140832
2025-12-02T03:40:37.095Z,4.0638447
2025-12-02T03:40:37.299Z,4.32391
2025-12-02T03:40:37.898Z,4.015003
2025-12-02T03:40:38.103Z,4.2893796
2025-12-02T03:40:38.604Z,4.1462617
2025-12-02T03:40:38.801Z,4.7154374
2025-12-02T03:40:39.007Z,4.78623
2025-12-02T03:40:39.603Z,5.371643
2025-12-02T03:40:39.710Z,5.5884633
2025-12-02T03:40:40.041Z,5.7437367
2025-12-02T03:40:40.409Z,6.2854986
2025-12-02T03:40:41.008Z,6.0922656
2025-12-02T03:40:41.208Z,6.520655
2025-12-02T03:40:41.710Z,6.3550534
2025-12-02T03:40:41.910Z,6.0366383
2025-12-02T03:40:42.123Z,6.3374987
2025-12-02T03:40:42.502Z,6.6333485
2025-12-02T03:40:42.823Z,6.130025
2025-12-02T03:40:43.320Z,6.2235646
2025-12-02T03:40:43.524Z,6.489674
2025-12-02T03:40:43.871Z,6.918611
2025-12-02T03:40:44.225Z,6.9324865
2025-12-02T03:40:44.822Z,6.8674946
2025-12-02T03:40:45.021Z,7.095527
2025-12-02T03:40:45.423Z,6.8919754
2025-12-02T03:40:45.632Z,6.666128
2025-12-02T03:40:45.954Z,6.534089
2025-12-02T03:40:46.332Z,6.7591023
2025-12-02T03:40:46.757Z,6.569367
2025-12-02T03:40:47.032Z,6.55005
2025-12-02T03:40:47.630Z,6.8359222
2025-12-02T03:40:47.798Z,7.346769
2025-12-02T03:40:48.042Z,7.3513336
2025-12-02T03:40:48.537Z,7.5222354
2025-12-02T03:40:48.741Z,7.269435
2025-12-02T03:40:49.090Z,7.3597755
2025-12-02T03:40:49.444Z,7.326271
2025-12-02T03:40:50.039Z,7.339488
2025-12-02T03:40:50.241Z,7.4640803
2025-12-02T03:40:50.641Z,7.684022
2025-12-02T03:40:50.845Z,7.4510345
2025-12-02T03:40:51.446Z,7.2714086
2025-12-02T03:40:51.645Z,7.0609736
2025-12-02T03:40:52.147Z,7.2232513
2025-12-02T03:40:52.347Z,6.9972687
2025-12-02T03:40:52.560Z,7.1493783
2025-12-02T03:40:53.054Z,7.283628
2025-12-02T03:40:53.255Z,7.835405
2025-12-02T03:40:53.605Z,8.013729
2025-12-02T03:40:53.954Z,8.080321
2025-12-02T03:40:54.555Z,7.917123
2025-12-02T03:40:54.756Z,8.114638
2025-12-02T03:40:55.157Z,8.061304
2025-12-02T03:40:55.362Z,8.467626
2025-12-02T03:40:55.959Z,8.188724
2025-12-02T03:40:56.160Z,8.391379
2025-12-02T03:40:56.372Z,8.334597
2025-12-02T03:40:56.963Z,8.507736
2025-12-02T03:40:57.073Z,8.733153
2025-12-02T03:40:57.665Z,8.45501
2025-12-02T03:40:57.775Z,8.619322
2025-12-02T03:40:58.368Z,8.451833
2025-12-02T03:40:58.571Z,8.676939
2025-12-02T03:40:59.070Z,8.872142
2025-12-02T03:40:59.272Z,8.892135
2025-12-02T03:40:59.481Z,8.663179
2025-12-02T03:41:00.074Z,9.05263
2025-12-02T03:41:00.475Z,9.264242
2025-12-02T03:41:00.677Z,9.427024
2025-12-02T03:41:00.860Z,9.256957
2025-12-02T03:41:01.480Z,9.377665
2025-12-02T03:41:01.680Z,9.81232
2025-12-02T03:41:02.181Z,9.93301
2025-12-02T03:41:02.386Z,10.644664
2025-12-02T03:41:02.593Z,10.705751
2025-12-02T03:41:03.185Z,10.824897
2025-12-02T03:41:03.585Z,11.113668
2025-12-02T03:41:03.788Z,11.211344
2025-12-02T03:41:04.189Z,11.375052
2025-12-02T03:41:04.312Z,11.442
2025-12-02T03:41:04.891Z,11.44625
2025-12-02T03:41:05.291Z,11.548311
2025-12-02T03:41:05.493Z,11.378455
2025-12-02T03:41:05.700Z,11.415684
2025-12-02T03:41:06.296Z,11.655256
2025-12-02T03:41:06.587Z,11.791236
2025-12-02T03:41:06.904Z,11.323933
2025-12-02T03:41:07.203Z,11.306876
2025-12-02T03:41:07.701Z,11.148092
2025-12-02T03:41:07.902Z,11.039148
2025-12-02T03:41:08.112Z,11.121955
2025-12-02T03:41:08.705Z,10.928891
2025-12-02T03:41:09.105Z,10.896255
2025-12-02T03:41:09.213Z,11.111352
2025-12-02T03:41:09.513Z,11.38112
2025-12-02T03:41:10.109Z,11.630331
2025-12-02T03:41:10.291Z,11.302123
2025-12-02T03:41:10.532Z,11.162507
2025-12-02T03:41:10.918Z,11.06564
2025-12-02T03:41:11.517Z,11.177907
2025-12-02T03:41:11.620Z,11.151348
2025-12-02T03:41:11.932Z,11.290351
2025-12-02T03:41:12.520Z,11.401796
2025-12-02T03:41:12.719Z,11.647848
2025-12-02T03:41:13.120Z,11.52671
2025-12-02T03:41:13.324Z,11.639201
2025-12-02T03:41:13.826Z,11.7560005
2025-12-02T03:41:14.027Z,11.730407
2025-12-02T03:41:14.625Z,11.732721
2025-12-02T03:41:14.828Z,11.302294
2025-12-02T03:41:15.042Z,11.502186
2025-12-02T03:41:15.628Z,11.018618
2025-12-02T03:41:16.029Z,10.930415
2025-12-02T03:41:16.140Z,10.598368
2025-12-02T03:41:16.435Z,10.36269
2025-12-02T03:41:17.034Z,9.908969
2025-12-02T03:41:17.236Z,10.135081
2025-12-02T03:41:17.644Z,10.199198
2025-12-02T03:41:17.840Z,10.200192
2025-12-02T03:41:18.440Z,9.906525
2025-12-02T03:41:18.640Z,9.980271
2025-12-02T03:41:18.852Z,9.551861
2025-12-02T03:41:19.442Z,8.916229
2025-12-02T03:41:19.559Z,9.08378
2025-12-02T03:41:19.889Z,9.44096
2025-12-02T03:41:20.249Z,9.267
2025-12-02T03:41:20.752Z,9.568089
2025-12-02T03:41:20.942Z,9.548282
2025-12-02T03:41:21.294Z,9.671761
2025-12-02T03:41:21.657Z,9.341277
2025-12-02T03:41:22.252Z,9.22841
2025-12-02T03:41:22.454Z,9.340385
2025-12-02T03:41:22.865Z,9.657258
2025-12-02T03:41:23.058Z,9.571353
2025-12-02T03:41:23.657Z,9.562556
2025-12-02T03:41:23.793Z,9.125366
2025-12-02T03:41:24.071Z,9.384246
2025-12-02T03:41:24.426Z,9.445777
2025-12-02T03:41:24.771Z,9.284137
2025-12-02T03:41:25.123Z,9.379627
2025-12-02T03:41:25.471Z,9.686151
2025-12-02T03:41:25.826Z,9.684387
2025-12-02T03:41:26.173Z,9.726362
2025-12-02T03:41:26.673Z,9.678104
2025-12-02T03:41:26.874Z,9.652188
2025-12-02T03:41:27.375Z,10.122292
2025-12-02T03:41:27.577Z,10.254991
2025-12-02T03:41:28.172Z,10.386971
2025-12-02T03:41:28.373Z,10.446972
2025-12-02T03:41:28.610Z,10.230169
2025-12-02T03:41:28.962Z,10.258927
2025-12-02T03:41:29.577Z,10.231292
2025-12-02T03:41:29.749Z,10.105207
2025-12-02T03:41:30.002Z,9.887641
2025-12-02T03:41:30.384Z,9.833929
2025-12-02T03:41:30.948Z,9.724264
2025-12-02T03:41:31.051Z,9.820786
2025-12-02T03:41:31.496Z,10.015208
2025-12-02T03:41:31.754Z,10.110401
2025-12-02T03:41:32.389Z,10.200847
2025-12-02T03:41:32.590Z,10.234657
2025-12-02T03:41:32.799Z,10.264463
2025-12-02T03:41:33.141Z,10.009087
2025-12-02T03:41:33.502Z,9.419442
2025-12-02T03:41:34.194Z,9.845682
2025-12-02T03:41:34.394Z,9.306397
2025-12-02T03:41:34.797Z,9.483348
2025-12-02T03:41:34.916Z,9.2857275
2025-12-02T03:41:35.402Z,9.250017
2025-12-02T03:41:35.579Z,9.115791
2025-12-02T03:41:36.202Z,9.353489
2025-12-02T03:41:36.324Z,9.682721
2025-12-02T03:41:36.625Z,9.976306
2025-12-02T03:41:36.971Z,10.196325
2025-12-02T03:41:37.321Z,10.269924
2025-12-02T03:41:37.670Z,10.104508
2025-12-02T03:41:38.308Z,10.030811
2025-12-02T03:41:38.442Z,9.984933
2025-12-02T03:41:38.713Z,10.239949
2025-12-02T03:41:39.062Z,10.636613
2025-12-02T03:41:39.417Z,10.600227
2025-12-02T03:41:39.923Z,10.921728
2025-12-02T03:41:40.110Z,11.109711
2025-12-02T03:41:40.719Z,11.411073
2025-12-02T03:41:40.920Z,11.407211
2025-12-02T03:41:41.319Z,11.484774
2025-12-02T03:41:41.720Z,11.170239
2025-12-02T03:41:42.068Z,11.054082
2025-12-02T03:41:42.189Z,11.013
2025-12-02T03:41:42.826Z,11.014437
2025-12-02T03:41:42.937Z,11.119682
2025-12-02T03:41:43.529Z,11.290552
2025-12-02T03:41:43.727Z,11.271129
2025-12-02T03:41:43.931Z,11.341651
2025-12-02T03:41:44.270Z,11.832151
2025-12-02T03:41:44.620Z,11.774603
2025-12-02T03:41:45.233Z,11.4498625
2025-12-02T03:41:45.433Z,11.131941
2025-12-02T03:41:45.937Z,11.351931
2025-12-02T03:41:46.046Z,11.461441
2025-12-02T03:41:46.544Z,11.068169
2025-12-02T03:41:46.742Z,11.970068
2025-12-02T03:41:47.150Z,12.246049
2025-12-02T03:41:47.642Z,12.014105
2025-12-02T03:41:47.963Z,11.238944
2025-12-02T03:41:48.345Z,11.429336
2025-12-02T03:41:48.696Z,14.91105
2025-12-02T03:41:48.802Z,15.444118
2025-12-02T03:41:49.176Z,13.945568
2025-12-02T03:41:49.749Z,11.46237
2025-12-02T03:41:49.949Z,13.489152
2025-12-02T03:41:50.451Z,12.492369
2025-12-02T03:41:50.652Z,9.860872
2025-12-02T03:41:50.873Z,7.539849
2025-12-02T03:41:51.189Z,9.823762
2025-12-02T03:41:51.564Z,9.046103
2025-12-02T03:41:51.870Z,6.432994
2025-12-02T03:41:52.364Z,3.5752356
2025-12-02T03:41:52.566Z,0.896399
2025-12-02T03:41:53.029Z,4.6617703
2025-12-02T03:41:53.138Z,6.0960007
2025-12-02T03:41:53.762Z,5.757724
2025-12-02T03:41:53.874Z,3.297191
2025-12-02T03:41:54.364Z,0.7574935
2025-12-02T03:41:54.566Z,-0.5608444
2025-12-02T03:41:54.966Z,2.4478235
2025-12-02T03:41:55.138Z,3.0128682
2025-12-02T03:41:55.481Z,0.57181823
2025-12-02T03:41:56.070Z,-2.0094578
2025-12-02T03:41:56.271Z,-2.9850476
2025-12-02T03:41:56.775Z,-4.9511104
2025-12-02T03:41:56.880Z,-5.4698877
2025-12-02T03:41:57.298Z,-6.2746043
2025-12-02T03:41:57.492Z,-6.5502853
2025-12-02T03:41:58.079Z,-7.856518
2025-12-02T03:41:58.189Z,-5.988577
2025-12-02T03:41:58.782Z,-7.506799
2025-12-02T03:41:58.887Z,-3.9891796
2025-12-02T03:41:59.210Z,-5.862067
2025-12-02T03:41:59.529Z,-6.113593
2025-12-02T03:41:59.899Z,-4.0762877
2025-12-02T03:42:00.490Z,-2.441442
2025-12-02T03:42:00.689Z,-3.5445333
2025-12-02T03:42:00.901Z,-3.5247216
2025-12-02T03:42:01.490Z,-3.0518198
2025-12-02T03:42:01.690Z,-2.9979274
2025-12-02T03:42:01.920Z,-3.197405
2025-12-02T03:42:02.221Z,-2.7976513
2025-12-02T03:42:02.532Z,-2.9897106
2025-12-02T03:42:02.902Z,-3.0058024
2025-12-02T03:42:03.499Z,-2.9479072
2025-12-02T03:42:03.697Z,-2.4296541
2025-12-02T03:42:03.935Z,-1.7357706
2025-12-02T03:42:04.262Z,-1.5269359
2025-12-02T03:42:04.614Z,-1.3659769
2025-12-02T03:42:04.973Z,-1.1354005
2025-12-02T03:42:05.414Z,-0.8925618
2025-12-02T03:42:05.842Z,-0.9023545
2025-12-02T03:42:06.010Z,-0.66012084
2025-12-02T03:42:06.611Z,-0.102070004
2025-12-02T03:42:06.810Z,0.53900707
2025-12-02T03:42:07.212Z,0.9620466
2025-12-02T03:42:07.413Z,1.2093549
2025-12-02T03:42:08.013Z,1.363011
2025-12-02T03:42:08.117Z,1.1446902
2025-12-02T03:42:08.619Z,0.9448837
2025-12-02T03:42:08.923Z,1.0899739
2025-12-02T03:42:09.153Z,1.401736
2025-12-02T03:42:09.484Z,1.4220955
2025-12-02T03:42:10.120Z,1.7537397
2025-12-02T03:42:10.227Z,1.8111447
2025-12-02T03:42:10.529Z,2.2728798
2025-12-02T03:42:11.124Z,2.5211232
2025-12-02T03:42:11.325Z,2.3930097
2025-12-02T03:42:11.726Z,3.0118878
2025-12-02T03:42:11.933Z,2.9483285
2025-12-02T03:42:12.273Z,3.0550835
2025-12-02T03:42:12.630Z,3.5453515
2025-12-02T03:42:13.137Z,3.446694
2025-12-02T03:42:13.535Z,3.8613665
2025-12-02T03:42:13.940Z,3.9834175
2025-12-02T03:42:14.047Z,3.7727003
2025-12-02T03:42:14.340Z,4.056026
2025-12-02T03:42:14.938Z,4.4891124
2025-12-02T03:42:15.139Z,4.427573
2025-12-02T03:42:15.541Z,5.0919065
2025-12-02T03:42:15.745Z,5.489409
2025-12-02T03:42:16.160Z,5.47874
2025-12-02T03:42:16.446Z,5.4944954
2025-12-02T03:42:16.796Z,5.947278
2025-12-02T03:42:17.149Z,6.1215844
2025-12-02T03:42:17.749Z,6.330438
2025-12-02T03:42:17.947Z,7.2197227
2025-12-02T03:42:18.160Z,7.2734957
2025-12-02T03:42:18.560Z,7.4187346
2025-12-02T03:42:18.863Z,7.66037
2025-12-02T03:42:19.452Z,7.8723407
2025-12-02T03:42:19.855Z,7.759292
2025-12-02T03:42:20.055Z,7.666156
2025-12-02T03:42:20.259Z,7.8179307
2025-12-02T03:42:20.761Z,7.59696
2025-12-02T03:42:20.944Z,7.7741776
2025-12-02T03:42:21.560Z,7.8706703
2025-12-02T03:42:21.763Z,8.318708
2025-12-02T03:42:22.266Z,8.404381
2025-12-02T03:42:22.463Z,8.598138
2025-12-02T03:42:22.682Z,8.842992
2025-12-02T03:42:23.020Z,8.8160305
2025-12-02T03:42:23.373Z,9.0767975
2025-12-02T03:42:23.877Z,8.988776
2025-12-02T03:42:24.073Z,8.868731
2025-12-02T03:42:24.671Z,8.762324
2025-12-02T03:42:24.871Z,8.008574
2025-12-02T03:42:25.179Z,8.053593
2025-12-02T03:42:25.480Z,7.861122
2025-12-02T03:42:26.075Z,8.248476
2025-12-02T03:42:26.278Z,8.69372
2025-12-02T03:42:26.492Z,8.525064
2025-12-02T03:42:26.842Z,8.576
2025-12-02T03:42:27.193Z,8.639846
2025-12-02T03:42:27.584Z,8.916176
2025-12-02T03:42:27.891Z,8.792917
2025-12-02T03:42:28.239Z,9.047538
2025-12-02T03:42:28.589Z,9.026391
2025-12-02T03:42:29.091Z,8.931223
2025-12-02T03:42:29.493Z,8.602929
2025-12-02T03:42:29.640Z,9.268767
2025-12-02T03:42:29.994Z,8.827444
2025-12-02T03:42:30.500Z,9.208393
2025-12-02T03:42:30.704Z,9.547932
2025-12-02T03:42:31.043Z,9.567016
2025-12-02T03:42:31.411Z,8.938515
2025-12-02T03:42:31.740Z,8.679171
2025-12-02T03:42:32.091Z,8.859539
2025-12-02T03:42:32.444Z,8.92706
2025-12-02T03:42:32.810Z,9.085035
2025-12-02T03:42:33.142Z,9.384079
2025-12-02T03:42:33.493Z,9.488752
2025-12-02T03:42:33.853Z,9.649942
2025-12-02T03:42:34.189Z,9.60423
2025-12-02T03:42:34.549Z,9.982531
2025-12-02T03:42:34.911Z,9.9845915
2025-12-02T03:42:35.238Z,10.217573
2025-12-02T03:42:35.622Z,10.295239
2025-12-02T03:42:35.948Z,10.518066
2025-12-02T03:42:36.299Z,10.210973
2025-12-02T03:42:36.648Z,10.310801
2025-12-02T03:42:36.998Z,10.022213
2025-12-02T03:42:37.616Z,10.046404
2025-12-02T03:42:37.762Z,10.354962
2025-12-02T03:42:38.130Z,10.27612
2025-12-02T03:42:38.400Z,10.376123
2025-12-02T03:42:38.746Z,10.386694
2025-12-02T03:42:39.226Z,10.340688
2025-12-02T03:42:39.439Z,10.427875
2025-12-02T03:42:39.791Z,10.610438
2025-12-02T03:42:40.138Z,10.255903
2025-12-02T03:42:40.488Z,10.599702
2025-12-02T03:42:40.875Z,10.514448
2025-12-02T03:42:41.217Z,10.848356
2025-12-02T03:42:41.539Z,11.123237
2025-12-02T03:42:42.232Z,11.12894
2025-12-02T03:42:42.338Z,11.17896
2025-12-02T03:42:42.577Z,11.085838
2025-12-02T03:42:42.948Z,11.055034
2025-12-02T03:42:43.440Z,10.837843
2025-12-02T03:42:43.641Z,10.89752
2025-12-02T03:42:44.242Z,11.165758
2025-12-02T03:42:44.387Z,11.550582
2025-12-02T03:42:44.671Z,11.539294
2025-12-02T03:42:45.046Z,11.504174
2025-12-02T03:42:45.552Z,11.691859
2025-12-02T03:42:45.720Z,11.903616
2025-12-02T03:42:46.071Z,12.29263
2025-12-02T03:42:46.419Z,12.256879
2025-12-02T03:42:46.771Z,12.163989
2025-12-02T03:42:47.118Z,12.249462
2025-12-02T03:42:47.479Z,12.204247
2025-12-02T03:42:47.819Z,12.104338
2025-12-02T03:42:48.180Z,12.098478
2025-12-02T03:42:48.524Z,12.211343
2025-12-02T03:42:48.868Z,12.245252
2025-12-02T03:42:49.362Z,12.057319
2025-12-02T03:42:49.570Z,12.270108
2025-12-02T03:42:50.065Z,12.343766
2025-12-02T03:42:50.270Z,12.148245
2025-12-02T03:42:50.622Z,11.674231
2025-12-02T03:42:50.969Z,11.908406
2025-12-02T03:42:51.333Z,12.015131
2025-12-02T03:42:51.671Z,11.889184
2025-12-02T03:42:52.019Z,12.242084
2025-12-02T03:42:52.374Z,12.336153
2025-12-02T03:42:52.725Z,12.26913
2025-12-02T03:42:53.071Z,12.146908
2025-12-02T03:42:53.418Z,12.494435
2025-12-02T03:42:53.772Z,12.620898
2025-12-02T03:42:54.119Z,12.795818
2025-12-02T03:42:54.480Z,12.723494
2025-12-02T03:42:54.984Z,12.323824
2025-12-02T03:42:55.168Z,12.399593
2025-12-02T03:42:55.780Z,12.214765
2025-12-02T03:42:55.981Z,12.373156
2025-12-02T03:42:56.218Z,12.037342
2025-12-02T03:42:56.564Z,12.238615
2025-12-02T03:42:57.090Z,12.399695
2025-12-02T03:42:57.265Z,12.658633
2025-12-02T03:42:57.612Z,12.039861
2025-12-02T03:42:57.966Z,11.487789
2025-12-02T03:42:58.308Z,11.564526
2025-12-02T03:42:58.797Z,11.448122
2025-12-02T03:42:59.234Z,12.086023
2025-12-02T03:42:59.359Z,11.984771
2025-12-02T03:42:59.713Z,11.747508
2025-12-02T03:43:00.060Z,11.571261
2025-12-02T03:43:00.408Z,11.659342
2025-12-02T03:43:00.758Z,11.410536
2025-12-02T03:43:01.109Z,11.258531
2025-12-02T03:43:01.461Z,11.493403
2025-12-02T03:43:01.808Z,11.374512
2025-12-02T03:43:02.158Z,11.672498
2025-12-02T03:43:02.508Z,11.883088
2025-12-02T03:43:03.009Z,11.673455
2025-12-02T03:43:03.217Z,11.506591
2025-12-02T03:43:03.711Z,10.313976
2025-12-02T03:43:03.910Z,10.344879
2025-12-02T03:43:04.414Z,10.55575
2025-12-02T03:43:04.616Z,10.522472
2025-12-02T03:43:05.116Z,10.474432
2025-12-02T03:43:05.318Z,10.794458
2025-12-02T03:43:05.859Z,10.83753
2025-12-02T03:43:06.009Z,11.304916
2025-12-02T03:43:06.618Z,11.483535
2025-12-02T03:43:06.819Z,11.17114
2025-12-02T03:43:07.323Z,10.832738
2025-12-02T03:43:07.521Z,10.7642975
2025-12-02T03:43:07.828Z,11.001331
2025-12-02T03:43:08.094Z,10.729376
2025-12-02T03:43:08.439Z,11.172083
2025-12-02T03:43:08.930Z,11.316864
2025-12-02T03:43:09.138Z,11.296099
2025-12-02T03:43:09.729Z,11.105268
2025-12-02T03:43:09.856Z,10.663897
2025-12-02T03:43:10.181Z,10.752988
2025-12-02T03:43:10.537Z,10.640216
2025-12-02T03:43:11.134Z,10.398415
2025-12-02T03:43:11.335Z,10.470599
2025-12-02T03:43:11.736Z,10.628146
2025-12-02T03:43:11.941Z,10.159975
2025-12-02T03:43:12.441Z,10.187697
2025-12-02T03:43:12.745Z,10.065042
2025-12-02T03:43:13.241Z,10.2686615
2025-12-02T03:43:13.442Z,10.619555
2025-12-02T03:43:13.652Z,10.566648
2025-12-02T03:43:14.150Z,10.072899
2025-12-02T03:43:14.357Z,10.287123
2025-12-02T03:43:14.701Z,10.247757
2025-12-02T03:43:15.053Z,10.224236
2025-12-02T03:43:15.653Z,10.518983
2025-12-02T03:43:15.854Z,10.601706
2025-12-02T03:43:16.189Z,10.57057
2025-12-02T03:43:16.428Z,10.88763
2025-12-02T03:43:16.961Z,10.992438
2025-12-02T03:43:17.131Z,10.857797
2025-12-02T03:43:17.758Z,11.390805
2025-12-02T03:43:17.960Z,11.39782
2025-12-02T03:43:18.460Z,11.597249
2025-12-02T03:43:18.656Z,11.598599
2025-12-02T03:43:18.869Z,11.727309
2025-12-02T03:43:19.222Z,11.606071
2025-12-02T03:43:19.574Z,11.201519
2025-12-02T03:43:20.169Z,11.816797
2025-12-02T03:43:20.371Z,11.764001
2025-12-02T03:43:20.871Z,11.597705
2025-12-02T03:43:21.072Z,11.623414
2025-12-02T03:43:21.495Z,11.132708
2025-12-02T03:43:21.683Z,10.6998205
2025-12-02T03:43:22.274Z,11.318842
2025-12-02T03:43:22.477Z,11.316485
2025-12-02T03:43:22.976Z,10.943285
2025-12-02T03:43:23.114Z,11.1104965
2025-12-02T03:43:23.413Z,11.274948
2025-12-02T03:43:23.737Z,11.504854
2025-12-02T03:43:24.092Z,11.66649
2025-12-02T03:43:24.681Z,11.5383625
2025-12-02T03:43:24.883Z,11.263829
2025-12-02T03:43:25.284Z,11.529151
2025-12-02T03:43:25.490Z,11.4352255
2025-12-02T03:43:25.989Z,11.700531
2025-12-02T03:43:26.169Z,12.076136
2025-12-02T03:43:26.795Z,11.758268
2025-12-02T03:43:26.872Z,11.530201
2025-12-02T03:43:27.492Z,11.902583
2025-12-02T03:43:27.693Z,12.282917
2025-12-02T03:43:28.135Z,12.283166
2025-12-02T03:43:28.261Z,12.111823
2025-12-02T03:43:28.613Z,12.348684
2025-12-02T03:43:28.958Z,11.980102
2025-12-02T03:43:29.309Z,12.143614
2025-12-02T03:43:29.900Z,12.134202
2025-12-02T03:43:30.276Z,12.036601
2025-12-02T03:43:30.348Z,12.233309
2025-12-02T03:43:30.718Z,12.606824
2025-12-02T03:43:31.047Z,12.385089
2025-12-02T03:43:31.408Z,12.267439
2025-12-02T03:43:32.008Z,12.219998
2025-12-02T03:43:32.207Z,11.558159
2025-12-02T03:43:32.613Z,11.804468
2025-12-02T03:43:32.787Z,11.160913
2025-12-02T03:43:33.412Z,11.566566
2025-12-02T03:43:33.613Z,11.837868
2025-12-02T03:43:33.828Z,11.792168
2025-12-02T03:43:34.415Z,12.145346
2025-12-02T03:43:34.759Z,12.021133
2025-12-02T03:43:34.881Z,11.941707
2025-12-02T03:43:35.223Z,11.843665
2025-12-02T03:43:35.822Z,11.663995
2025-12-02T03:43:35.948Z,11.505784
2025-12-02T03:43:36.426Z,11.40587
2025-12-02T03:43:36.612Z,11.360532
2025-12-02T03:43:36.955Z,11.447775
2025-12-02T03:43:37.430Z,11.142475
2025-12-02T03:43:37.933Z,11.31916
2025-12-02T03:43:38.129Z,11.329428
2025-12-02T03:43:38.345Z,11.344626
2025-12-02T03:43:38.881Z,11.020333
2025-12-02T03:43:39.050Z,11.213613
2025-12-02T03:43:39.635Z,11.329455
2025-12-02T03:43:39.836Z,11.718248
2025-12-02T03:43:40.076Z,12.409991
2025-12-02T03:43:40.440Z,11.697994
2025-12-02T03:43:41.039Z,11.221709
2025-12-02T03:43:41.198Z,11.696481
2025-12-02T03:43:41.468Z,11.58583
2025-12-02T03:43:41.820Z,11.212538
2025-12-02T03:43:42.347Z,11.407614
2025-12-02T03:43:42.517Z,11.538448
2025-12-02T03:43:43.146Z,11.952105
2025-12-02T03:43:43.341Z,12.056692
2025-12-02T03:43:43.562Z,11.795367
2025-12-02T03:43:44.149Z,12.14894
2025-12-02T03:43:44.551Z,12.356119
2025-12-02T03:43:44.752Z,12.832439
2025-12-02T03:43:44.963Z,12.309689
2025-12-02T03:43:45.458Z,12.396925
2025-12-02T03:43:45.638Z,11.790024
2025-12-02T03:43:45.987Z,12.536667
2025-12-02T03:43:46.337Z,12.427818
2025-12-02T03:43:46.763Z,12.493337
2025-12-02T03:43:47.062Z,12.943056
2025-12-02T03:43:47.605Z,12.680767
2025-12-02T03:43:47.737Z,12.653648
2025-12-02T03:43:48.364Z,12.665986
2025-12-02T03:43:48.565Z,12.731658
2025-12-02T03:43:48.782Z,12.588643
2025-12-02T03:43:49.367Z,12.104492
2025-12-02T03:43:49.752Z,12.16651
2025-12-02T03:43:49.816Z,12.341362
2025-12-02T03:43:50.175Z,12.36517
2025-12-02T03:43:50.873Z,12.309889
2025-12-02T03:43:51.077Z,12.707003
2025-12-02T03:43:51.476Z,12.957053
2025-12-02T03:43:51.678Z,13.229698
2025-12-02T03:43:52.083Z,13.0393
2025-12-02T03:43:52.249Z,12.67643
2025-12-02T05:09:08.742Z,0.27122247
2025-12-02T05:09:09.143Z,0.8400737
2025-12-02T05:09:09.343Z,1.0076436
2025-12-02T05:09:09.947Z,1.6378682
2025-12-02T05:09:10.045Z,1.6583947
2025-12-02T05:09:10.741Z,1.9761755
2025-12-02T05:09:10.746Z,2.1231642
2025-12-02T05:09:11.566Z,2.217638
2025-12-02T05:09:11.567Z,2.314701
2025-12-02T05:09:12.047Z,2.6857696
2025-12-02T05:09:12.151Z,2.523128
2025-12-02T05:09:12.480Z,2.638742
2025-12-02T05:09:12.854Z,2.648435
2025-12-02T05:09:13.357Z,2.602952
2025-12-02T05:09:13.541Z,2.7590082
2025-12-02T05:09:14.255Z,2.8343284
2025-12-02T05:09:14.456Z,2.914441
2025-12-02T05:09:14.855Z,3.2431808
2025-12-02T05:09:15.056Z,3.4213068
2025-12-02T05:09:15.551Z,3.5952783
2025-12-02T05:09:15.663Z,3.7753997
2025-12-02T05:09:16.260Z,3.8123543
2025-12-02T05:21:46.697Z,0.1532185
2025-12-02T05:21:47.193Z,0.29820532
2025-12-02T05:21:47.395Z,0.5150492
2025-12-02T05:21:47.799Z,0.866877
2025-12-02T05:21:48.297Z,0.8746724
2025-12-02T05:21:48.499Z,0.94344413
2025-12-02T05:21:48.766Z,1.1657342
2025-12-02T05:21:49.144Z,1.2129582
2025-12-02T05:21:49.509Z,1.3059806
2025-12-02T05:21:49.907Z,1.6939857
2025-12-02T05:21:50.409Z,1.8427474
2025-12-02T05:21:50.619Z,1.8343419
2025-12-02T05:21:50.997Z,1.647902
2025-12-02T05:21:51.357Z,1.6396606
2025-12-02T05:21:51.738Z,1.5989125
2025-12-02T05:21:52.117Z,1.5060499
2025-12-02T05:21:52.713Z,1.3998837
2025-12-02T05:21:53.114Z,1.6625946
2025-12-02T05:21:53.315Z,2.1632805
2025-12-02T05:21:53.630Z,2.0522823
2025-12-02T05:21:53.970Z,2.274149
2025-12-02T05:21:54.330Z,2.4169693
2025-12-02T05:21:54.729Z,2.477932
2025-12-02T05:21:55.327Z,2.755388
2025-12-02T05:21:55.437Z,2.7491095
2025-12-02T05:21:55.828Z,2.849519
2025-12-02T05:21:56.425Z,2.9317932
2025-12-02T05:21:56.827Z,2.8678906
2025-12-02T05:21:57.028Z,2.8960423
2025-12-02T05:21:57.429Z,3.0664842
2025-12-02T05:21:57.930Z,3.2402184
2025-12-02T05:21:58.047Z,3.3635998
2025-12-02T05:21:58.437Z,3.1754863
2025-12-02T05:21:58.801Z,4.0543528
2025-12-02T05:21:59.147Z,3.8378801
2025-12-02T05:21:59.540Z,4.116547
2025-12-02T05:22:00.079Z,4.387451
2025-12-02T05:22:00.259Z,4.6776967
2025-12-02T05:22:00.644Z,5.0066395
2025-12-02T05:22:01.243Z,5.4906645
2025-12-02T05:22:01.644Z,5.808599
2025-12-02T05:22:01.845Z,5.4531813
2025-12-02T05:22:02.233Z,5.389363
2025-12-02T05:22:02.487Z,6.1618323
2025-12-02T05:22:02.873Z,6.301521
2025-12-02T05:22:03.253Z,6.290686
2025-12-02T05:22:03.851Z,6.422328
2025-12-02T05:22:04.052Z,8.346547
2025-12-02T05:22:04.390Z,6.8504705
2025-12-02T05:22:04.637Z,5.164101
2025-12-02T05:22:05.156Z,6.8279123
2025-12-02T05:22:05.571Z,5.3765
2025-12-02T05:22:05.714Z,5.6876826
2025-12-02T05:22:05.970Z,3.478099
2025-12-02T05:22:06.371Z,7.0679026
2025-12-02T05:22:06.770Z,10.448217
2025-12-02T05:22:07.176Z,13.868525
2025-12-02T05:22:07.572Z,16.970963
2025-12-02T05:22:07.971Z,20.075289
2025-12-02T05:22:08.373Z,23.198051
2025-12-02T05:22:08.842Z,26.275997
2025-12-02T05:22:09.151Z,29.6147
2025-12-02T05:22:09.773Z,32.242878
2025-12-02T05:22:10.174Z,35.199787
2025-12-02T05:22:10.375Z,33.79234
2025-12-02T05:22:10.777Z,33.423534
2025-12-02T05:22:11.082Z,33.990097
2025-12-02T05:22:11.390Z,36.634075
2025-12-02T05:22:12.080Z,34.985073
2025-12-02T05:22:12.281Z,32.981194
2025-12-02T05:22:12.683Z,34.724236
2025-12-02T05:22:13.184Z,32.061066
2025-12-02T05:22:13.291Z,29.94311
2025-12-02T05:22:13.704Z,31.994898
2025-12-02T05:22:14.194Z,34.972355
2025-12-02T05:22:14.362Z,32.368282
2025-12-02T05:22:14.995Z,28.97719
2025-12-02T05:22:15.328Z,31.23717
2025-12-02T05:22:15.497Z,27.539677
2025-12-02T05:22:16.096Z,28.071526
2025-12-02T05:22:16.496Z,30.759604
2025-12-02T05:22:16.699Z,33.83078
2025-12-02T05:22:17.199Z,33.89521
2025-12-02T05:22:17.506Z,35.24036
2025-12-02T05:22:17.905Z,32.48661
2025-12-02T05:22:18.403Z,34.0135
2025-12-02T05:22:18.603Z,37.206356
2025-12-02T05:22:19.007Z,34.42661
2025-12-02T05:22:19.607Z,36.11652
2025-12-02T05:22:19.712Z,36.21382
2025-12-02T05:22:20.013Z,36.837463
2025-12-02T05:22:20.515Z,33.22861
2025-12-02T05:22:21.013Z,30.105852
2025-12-02T05:22:21.415Z,32.392
2025-12-02T05:22:21.615Z,34.74645
2025-12-02T05:22:21.866Z,32.031315
2025-12-02T05:22:22.238Z,29.97699
2025-12-02T05:22:22.625Z,26.639048
2025-12-02T05:22:23.219Z,24.418728
2025-12-02T05:22:23.621Z,26.455196
2025-12-02T05:22:23.763Z,26.119474
2025-12-02T05:22:24.128Z,26.049555
2025-12-02T05:22:24.725Z,24.78212
2025-12-02T05:22:24.874Z,24.72776
2025-12-02T05:22:25.237Z,24.67259
2025-12-02T05:22:25.632Z,24.672998
2025-12-02T05:22:25.986Z,24.194698
2025-12-02T05:22:26.632Z,23.676712
2025-12-02T05:22:27.032Z,23.520748
2025-12-02T05:22:27.234Z,23.517797
2025-12-02T05:22:27.541Z,23.214039
2025-12-02T05:22:27.849Z,23.359745
2025-12-02T05:22:28.225Z,23.421473
2025-12-02T05:22:28.607Z,23.11836
2025-12-02T05:22:28.985Z,22.71721
2025-12-02T05:22:29.545Z,22.304197
2025-12-02T05:22:29.746Z,22.040306
2025-12-02T05:22:30.106Z,21.863867
2025-12-02T05:22:30.487Z,21.572218
2025-12-02T05:22:31.051Z,21.376078
2025-12-02T05:22:31.252Z,20.893755
2025-12-02T05:22:31.851Z,20.812138
2025-12-02T05:22:32.160Z,20.66155
2025-12-02T05:22:32.357Z,20.469593
2025-12-02T05:22:32.729Z,20.31524
2025-12-02T05:22:33.355Z,20.504446
2025-12-02T05:22:33.466Z,20.348753
2025-12-02T05:22:33.861Z,19.90554
2025-12-02T05:22:34.363Z,19.719967
2025-12-02T05:22:34.579Z,19.464981
2025-12-02T05:22:35.085Z,18.991716
2025-12-02T05:22:35.564Z,19.05942
2025-12-02T05:22:35.966Z,18.847406
2025-12-02T05:22:36.271Z,18.794308
2025-12-02T05:22:36.456Z,18.560709
2025-12-02T05:22:36.975Z,18.327055
2025-12-02T05:22:37.198Z,17.938145
2025-12-02T05:22:37.589Z,17.994047
2025-12-02T05:22:37.977Z,18.072002
2025-12-02T05:22:38.573Z,17.789476
2025-12-02T05:22:38.685Z,17.756966
2025-12-02T05:22:39.082Z,17.36214
2025-12-02T05:22:39.679Z,17.038837
2025-12-02T05:22:40.078Z,17.020517
2025-12-02T05:22:40.282Z,16.823086
2025-12-02T05:22:40.689Z,16.935251
2025-12-02T05:22:40.918Z,17.04199
2025-12-02T05:22:41.299Z,17.130283
2025-12-02T05:22:41.693Z,16.91788
2025-12-02T05:22:42.286Z,16.716951
2025-12-02T05:22:42.688Z,16.38813
2025-12-02T05:22:42.834Z,16.37016
2025-12-02T05:22:43.195Z,16.044865
2025-12-02T05:22:43.892Z,16.106178
2025-12-02T05:22:44.093Z,15.824488
2025-12-02T05:22:44.304Z,15.529139
2025-12-02T05:22:44.983Z,15.436828
2025-12-02T05:22:45.031Z,15.2306
2025-12-02T05:22:45.410Z,15.098706
2025-12-02T05:22:45.803Z,14.629014
2025-12-02T05:22:46.400Z,14.431804
2025-12-02T05:22:46.802Z,14.517616
2025-12-02T05:22:47.002Z,14.45815
2025-12-02T05:22:47.309Z,14.788042
2025-12-02T05:22:47.814Z,14.508217
2025-12-02T05:22:48.024Z,14.348501
2025-12-02T05:22:48.411Z,14.288793
2025-12-02T05:22:49.010Z,13.776493
2025-12-02T05:22:49.344Z,13.620107
2025-12-02T05:22:49.522Z,13.717616
2025-12-02T05:22:50.216Z,13.898968
2025-12-02T05:22:50.320Z,14.123471
2025-12-02T05:22:50.626Z,13.900052
2025-12-02T05:22:51.022Z,13.872298
2025-12-02T05:22:51.523Z,13.94389
2025-12-02T05:22:51.924Z,14.227686
2025-12-02T05:22:52.136Z,13.852687
2025-12-02T05:22:52.533Z,13.638282
2025-12-02T05:22:53.124Z,13.176272
2025-12-02T05:22:53.526Z,13.204353
2025-12-02T05:22:53.670Z,13.036375
2025-12-02T05:22:54.010Z,13.142405
2025-12-02T05:22:54.387Z,13.12309
2025-12-02T05:22:54.940Z,13.25428
2025-12-02T05:22:55.138Z,13.137404
2025-12-02T05:22:55.538Z,12.875821
2025-12-02T05:22:55.886Z,12.256219
2025-12-02T05:22:56.536Z,12.168504
2025-12-02T05:22:56.936Z,12.268721
2025-12-02T05:22:57.239Z,12.26239
2025-12-02T05:25:51.127Z,0.30584386
2025-12-02T05:25:51.657Z,0.41607004
2025-12-02T05:25:51.857Z,0.9022478
2025-12-02T05:25:52.765Z,1.3513943
2025-12-02T05:25:52.767Z,1.9349756
2025-12-02T05:25:53.068Z,2.641407
2025-12-02T05:25:53.299Z,5.2472014
2025-12-02T05:25:53.694Z,4.7028227
2025-12-02T05:25:54.364Z,2.9198115
2025-12-02T05:25:54.483Z,6.3189106
2025-12-02T05:25:55.070Z,5.670762
2025-12-02T05:25:55.479Z,2.5919127
2025-12-02T05:25:55.722Z,3.2915974
2025-12-02T05:25:56.010Z,1.9432596
2025-12-02T05:25:56.667Z,3.9864812
2025-12-02T05:25:56.870Z,2.817555
2025-12-02T05:25:57.072Z,1.2320619
2025-12-02T05:25:57.576Z,3.1906967
2025-12-02T05:25:57.700Z,3.3850834
2025-12-02T05:25:57.981Z,3.8641207
2025-12-02T05:25:58.381Z,7.6442366
2025-12-02T05:25:58.877Z,7.253322
2025-12-02T05:25:59.077Z,9.054634
2025-12-02T05:25:59.186Z,11.306297
2025-12-02T05:25:59.482Z,10.413746
2025-12-02T05:25:59.721Z,10.776598
2025-12-02T05:26:00.280Z,8.467186
2025-12-02T05:26:00.386Z,9.046244
2025-12-02T05:26:00.795Z,8.30615
2025-12-02T05:26:01.019Z,8.161648
2025-12-02T05:26:01.685Z,9.509449
2025-12-02T05:26:01.990Z,9.578719
2025-12-02T05:26:02.191Z,12.628417
2025-12-02T05:26:02.792Z,13.196899
2025-12-02T05:26:03.192Z,13.534158
2025-12-02T05:26:03.591Z,13.600923
2025-12-02T05:26:03.793Z,14.113779
2025-12-02T21:50:03.763Z,0.18879175
2025-12-02T21:50:03.962Z,0.5197996
2025-12-02T21:50:04.559Z,0.5562316
2025-12-02T21:50:04.959Z,0.15921783
2025-12-02T21:50:05.065Z,0.38204095
2025-12-02T21:50:05.467Z,-0.3635372
2025-12-02T21:50:05.977Z,-0.15938666
2025-12-02T21:50:06.369Z,-0.11457193
2025-12-02T21:50:06.877Z,-0.43991637
2025-12-02T21:50:06.974Z,-0.35596114
2025-12-02T21:50:07.567Z,0.13341813
2025-12-02T21:50:07.967Z,0.39318386
2025-12-02T21:50:08.171Z,0.52491754
2025-12-02T21:50:08.570Z,0.68014073
2025-12-02T21:50:09.073Z,0.511786
2025-12-02T21:50:09.275Z,0.35492235
2025-12-02T21:50:09.677Z,0.1643421
2025-12-02T21:50:10.081Z,0.2385755
2025-12-02T21:50:10.309Z,0.8001305
2025-12-02T21:50:10.978Z,0.5119669
2025-12-02T21:50:11.179Z,0.48175734
2025-12-02T21:50:11.685Z,0.4082368
2025-12-02T21:50:11.789Z,0.85251725
2025-12-02T21:50:12.164Z,-0.12039244
2025-12-02T21:50:12.516Z,0.04681708
2025-12-02T21:50:12.948Z,0.20873737
2025-12-02T21:50:13.487Z,0.7011346
2025-12-02T21:50:13.888Z,1.0241147
2025-12-02T21:50:14.389Z,1.1541291
2025-12-02T21:50:14.593Z,1.2636416
2025-12-02T21:50:14.896Z,1.0916766
2025-12-02T21:50:15.300Z,0.91316295
2025-12-02T21:50:15.499Z,0.79411674
2025-12-02T21:50:16.096Z,1.0953572
2025-12-02T21:50:16.500Z,0.9540733
2025-12-02T21:50:16.702Z,0.94326985
2025-12-02T21:50:17.200Z,0.8513516
2025-12-02T21:50:17.601Z,1.0277371
2025-12-02T21:50:17.802Z,0.9307966
2025-12-02T21:50:18.304Z,0.58763343
2025-12-02T21:50:18.616Z,0.19354308
2025-12-02T21:50:18.818Z,0.060913056
2025-12-02T21:50:19.213Z,-0.28717935
2025-12-02T21:50:19.810Z,-0.4279195
2025-12-02T21:50:19.926Z,-0.34722063
2025-12-02T21:50:20.321Z,-0.39588952
2025-12-02T21:50:20.817Z,-0.5461613
2025-12-02T21:50:21.314Z,-0.81933546
2025-12-02T21:50:21.521Z,-0.9847568
2025-12-02T21:50:22.016Z,-0.73181164
2025-12-02T21:50:22.159Z,-0.45140648
2025-12-02T21:50:22.525Z,-0.75162137
2025-12-02T21:50:22.929Z,-0.6090761
2025-12-02T21:50:23.530Z,-0.67959166
2025-12-02T21:50:23.742Z,-1.1460961
2025-12-02T21:50:24.032Z,-1.5061647
2025-12-02T21:50:24.378Z,-1.2951953
2025-12-02T21:50:24.933Z,-1.8409243
2025-12-02T21:50:25.133Z,-2.2271128
2025-12-02T21:50:25.492Z,-2.1660035
2025-12-02T21:50:26.133Z,-2.2456443
2025-12-02T21:50:26.243Z,-1.9277014
2025-12-02T21:50:26.612Z,-1.2623537
2025-12-02T21:50:26.979Z,-1.2614846
2025-12-02T21:50:27.349Z,-1.3513043
2025-12-02T21:50:27.718Z,-1.2301974
2025-12-02T21:50:28.092Z,-1.2915998
2025-12-02T21:50:28.468Z,-1.1621643
2025-12-02T21:50:28.852Z,-2.0076697
2025-12-02T21:50:29.251Z,-1.2350947
2025-12-02T21:50:29.847Z,-1.3356464
2025-12-02T21:50:30.152Z,-1.2343991
2025-12-02T21:50:30.325Z,-0.8721758
2025-12-02T21:50:30.695Z,-1.0019642
2025-12-02T21:50:31.350Z,-0.79027116
2025-12-02T21:50:31.550Z,-1.0368279
2025-12-02T21:50:32.051Z,-0.49709672
2025-12-02T21:50:32.455Z,-0.15347558
2025-12-02T21:50:32.654Z,0.017687917
2025-12-02T21:50:32.928Z,-0.13269505
2025-12-02T21:50:33.463Z,-0.24909092
2025-12-02T21:50:33.698Z,-0.4224219
2025-12-02T21:50:34.064Z,-0.51919687
2025-12-02T21:50:34.664Z,-0.5668816
2025-12-02T21:50:35.023Z,-0.6125352
2025-12-02T21:50:35.145Z,-0.8969922
2025-12-02T21:50:35.527Z,-1.2061282
2025-12-02T21:50:36.169Z,-1.1648402
2025-12-02T21:50:36.566Z,-1.1181381
2025-12-02T21:50:36.779Z,-1.0778295
2025-12-02T21:50:37.270Z,-1.0998001
2025-12-02T21:50:37.670Z,-1.3061601
2025-12-02T21:50:37.874Z,-1.05468
2025-12-02T21:50:38.291Z,-1.0109986
2025-12-02T21:50:38.582Z,-0.95113647
2025-12-02T21:50:38.904Z,-1.0518553
2025-12-02T21:50:39.250Z,-0.98967755
2025-12-02T21:50:39.883Z,-0.6709466
2025-12-02T21:50:40.189Z,-0.7411225
2025-12-02T21:50:40.394Z,-0.8716458
2025-12-02T21:50:40.725Z,-1.0246075
2025-12-02T21:50:41.096Z,-0.9310772
2025-12-02T21:50:41.493Z,-0.71598744
2025-12-02T21:50:42.087Z,-0.52539843
2025-12-02T21:50:42.488Z,-0.7235594
2025-12-02T21:50:42.888Z,-0.9442941
2025-12-02T21:50:43.090Z,-1.0971076
2025-12-02T21:50:43.492Z,-0.76012576
2025-12-02T21:50:43.704Z,-0.69323546
2025-12-02T21:50:44.100Z,-0.8193675
2025-12-02T21:50:44.696Z,-0.95585215
2025-12-02T21:50:45.097Z,-0.8997245
2025-12-02T21:50:45.205Z,-0.95388514
2025-12-02T21:50:45.553Z,-1.0071121
2025-12-02T21:50:45.928Z,-0.57662904
2025-12-02T21:50:46.306Z,-1.2225902
2025-12-02T21:50:46.814Z,-1.4114473
2025-12-02T21:50:47.279Z,-1.4829211
2025-12-02T21:50:47.419Z,-1.0580846
